1,https://www.reputatiecoaching.nl/1,https://archive.org/download/20121203-reputatie-coaching-podcast-001/20121203-ReputatieCoaching-Podcast-001.mp3,3-12-2012 23:00:56,Eerste podcast (03-12-2012),podcast,"apps, iphone, pocket casts, reputatie, rss, seo, wikipedia, wordpress"
2,https://www.reputatiecoaching.nl/2,https://archive.org/download/20121210-reputatie-coaching-podcast-002/20121210-ReputatieCoaching-Podcast-002.mp3,10-12-2012 23:23:53,Podcast Aflevering 2 (10-12-2012),podcast,"google reader, podcast, reputatie, rss, seo, wordpress"
3,https://www.reputatiecoaching.nl/3,https://archive.org/download/20121217-reputatie-coaching-podcast-003_202102/20121217-ReputatieCoaching-Podcast-003.mp3,17-12-2012 20:12:46,Podcast Aflevering 3 (17-12-2012),podcast,"schema.org., google apps for business, google authorship, google+, microsoft,outlook.com,pinterest, rich snippets,twitter,wordpress"
4,https://www.reputatiecoaching.nl/4,https://archive.org/download/20121224-reputatie-coaching-podcast-004/20121224-ReputatieCoaching-Podcast-004.mp3,24-12-2012 15:00:44,Podcast Aflevering 4 (24-12-2012),podcast,"yelp, amazon s3, apple maps, backups, dropbox, gmail, google cloud service,google maps, google+ local, ios 6, iphone, iphone 5, microsoft azure, outlook.com, wordpress"
5,https://www.reputatiecoaching.nl/5,https://archive.org/download/20121231-reputatie-coaching-podcast-005/20121231-ReputatieCoaching-Podcast-005.mp3,31-12-2012 13:00:37,Podcast Aflevering 5 (31-12-2012),podcast,"apple maps, duckduckgo, facebook, google data highlighter, google maps, google+, instagram,pinterest, twitter, yelp, youtube views"
6,https://www.reputatiecoaching.nl/6,https://archive.org/download/20130107-reputatie-coaching-podcast-006/20130107-ReputatieCoaching-Podcast-006.mp3,7-1-2013 23:40:20,Podcast Aflevering 6 (07-01-2013),podcast,"2013, podcast, instagram, facebook nearby, facebook, tomtom places, gijsberts, karwei bouwmarkt, apeldoorn, yelp, google+ local, foursquare, verhuizen, duckduckgo.nl, bing, tomtom places, android, antennapod, podcasts, podcastomatic, verhuizing"
7,https://www.reputatiecoaching.nl/7,https://archive.org/download/20130114-reputatie-coaching-podcast-aflevering-007/20130114-ReputatieCoaching-Podcast-Aflevering-007.mp3,14-1-2013 23:36:38,Podcast Aflevering 7 (14-01-2013),podcast,"facebook, facebook nearby, forrester, keepass, lastpass, linux, macos x, prey project, rss, security,video, videomarketing, windows, wordpress, youtube, yubikey, reviews, vanity url"
8,https://www.reputatiecoaching.nl/8,https://archive.org/download/20130121-reputatie-coaching-podcast-008/20130121-ReputatieCoaching-Podcast-008.mp3,21-1-2013 23:00:43,Podcast Aflevering 8 (21-01-2013),podcast,"bedrijfsvermelding, blogspot, citation, citations, drupal, expression engine, facebook, foursquare, google apps for business, joomla, klout, klout score, livejournal,outlook.com., tumblr, wordpress, yelp, bloggen, seo"
9,https://www.reputatiecoaching.nl/9,https://archive.org/download/20130128-reputatie-coaching-podcast-009/20130128-ReputatieCoaching-Podcast-009.mp3,28-1-2013 19:34:51,Podcast Aflevering 9 (28-01-2013),podcast,"instagram, wordpress, backwpup, pinterest, dropbox, foto, fotografie, foursquare, keepass, lastpass, lifefragment, powerpress, restaurants, tumblr, vine, yelp, yubikey"
10,https://www.reputatiecoaching.nl/10,https://archive.org/download/20130204-reputatie-coaching-podcast-010/20130204-ReputatieCoaching-Podcast-010.mp3,4-2-2013 19:35:14,Podcast Aflevering 10 (04-02-2013),podcast,"alitalia, facebook, foursquare, google disavow links tool, google webmaster tools, google+, google+ local, linkedin, reputatie, rome, twitter"
11,https://www.reputatiecoaching.nl/11,https://archive.org/download/20130211-reputatie-coaching-podcast-011/20130211-ReputatieCoaching-Podcast-011.mp3,11-2-2013 23:59:30,Podcast Aflevering 11 (11-02-2013),podcast,"arend landman, boekbeschrijving, boekrecensie, content marketing, dakdekker, duivendrecht, frank peters, google hangout, monuta, recensie, reputatie onder druk, skype, uitvaart, uitvaartondernemer"
12,https://www.reputatiecoaching.nl/12,https://archive.org/download/20130218-reputatie-coaching-podcast-012/20130218-ReputatieCoaching-Podcast-012.mp3,18-2-2013 23:00:51,Podcast Aflevering 12 (18-02-2013),podcast,"artikel directories, citations, facebook, facebook nearby, google webmaster tools, google+ local, heilige valentijn, paus gelasius i, recensies, reviews, seo, tijdsverspilling, twitter, vakantie, valentijnsdag, yelp"
13,https://www.reputatiecoaching.nl/13,https://archive.org/download/20130225-reputatie-coaching-podcast-013/20130225-ReputatieCoaching-Podcast-013.mp3,25-2-2013 21:32:48,Podcast Aflevering 13 (25-02-2013),podcast,"american express, citation, citations, facebook, google+ local, lokale seo, napt, posterous, qype, trustpilot, tumblr, tupalo, twitter, wordpress, yelp, zoover"
14,https://www.reputatiecoaching.nl/14,https://archive.org/download/20130304-reputatie-coaching-podcast-014/20130304-ReputatieCoaching-Podcast-014.mp3,4-3-2013 23:00:29,Podcast Aflevering 14 (04-03-2013),podcast,"chrome, evernote, firefox, google+ local, groene qr-codes, lokale seo, opera, qr-codes, responsive website, safari, youtube"
15,https://www.reputatiecoaching.nl/15,https://archive.org/download/20130311-reputatie-coaching-podcast-015/20130311-ReputatieCoaching-Podcast-015.mp3,11-3-2013 23:55:38,Podcast Aflevering 15 (11-03-2013),podcast,"architecten, authorrank, authorship, beveiliging, bloggen, coaching, flickr, geotagging, google authorship, google maps, google+, gps-coördinaten, imago, internet marketing, interview, iphone, nieuwegein, ordina, panoramio, picasa, reputatiemanagement, seo, wordpress, wordpress security, yext"
16,https://www.reputatiecoaching.nl/16,https://archive.org/download/20130318-reputatie-coaching-podcast-016/20130318-ReputatieCoaching-Podcast-016.mp3,18-3-2013 18:00:23,Podcast Aflevering 16 (18-03-2013),podcast,"digg, feedly, google authorship, google reader, google+, lifehacker.com, rss, sms, webspam"
17,https://www.reputatiecoaching.nl/17,https://archive.org/download/20130323-reputatie-coaching-podcast-017/20130323-ReputatieCoaching-Podcast-017.mp3,23-3-2013 17:26:08,Podcast Aflevering 17 (23-03-2013),podcast,"bing, blogspot, facebook, flickr, geotaggen, geotagging, hotmail.com, lokale seo, microsoft, outlook.com, panoramio, picasa, wordpress.com, yahtube, yelp, youtube, zoover"
18,https://www.reputatiecoaching.nl/18,https://archive.org/download/20130329-reputatie-coaching-podcast-018/20130329-ReputatieCoaching-Podcast-018.mp3,30-3-2013 19:00:39,Podcast Aflevering 18 (30-03-2013),podcast,"gé bouma, google adwords, google+, permalinks, reputatiemanagement, seo, wordpress"
19,https://www.reputatiecoaching.nl/19,https://archive.org/download/20130406-reputatie-coaching-podcast-019/20130406-ReputatieCoaching-Podcast-019.mp3,6-4-2013 19:00:40,Podcast Aflevering 19 (06-04-2013),podcast,"facebook, frankwatching, gé bouma, google alerts, google+, google+ local, identiteitsbewijs, identiteitsfraude, jeanet bathoorn, lokale seo, paspoort, rijbewijs, tomtom places, yelp"
20,https://www.reputatiecoaching.nl/20,https://archive.org/download/20130413-reputatie-coaching-podcast-020/20130413-ReputatieCoaching-Podcast-020.mp3,13-4-2013 19:00:50,Podcast Aflevering 20 (13-04-2013),podcast,"android, facebook home, frankwatching, google+, interview, iphone, jeanet bathoorn, philippine wouters, recensies, reviews, yelp"
21,https://www.reputatiecoaching.nl/21,https://archive.org/download/20130420-reputatie-coaching-podcast-021/20130420-ReputatieCoaching-Podcast-021.mp3,20-4-2013 23:55:34,Podcast Aflevering 21 (20-04-2013),podcast,"google+, matt cutts, philippine wouters, reputation institute, yelp"
22,https://www.reputatiecoaching.nl/22,https://archive.org/download/20130427-reputatie-coaching-podcast-022/20130427-ReputatieCoaching-Podcast-022.mp3,27-4-2013 23:30:35,Podcast Aflevering 22 (27-04-2013),podcast,"bedrijfspanorama, bedrijfsrondleiding, facebook home, google maps, google streetview, google vertrouwde fotograaf, google+ local, linkbuilding, linkearning, virtuele tour"
23,https://www.reputatiecoaching.nl/23,https://archive.org/download/20130505-reputatie-coaching-podcast-023/20130505-ReputatieCoaching-Podcast-023.mp3,5-5-2013 23:30:30,Podcast Aflevering 23 (05-05-2013),podcast,"directories, foursquare, google kalender, google maps, google+, google+ local, linkbuilding, linkearning, persberichten, seo, yelp"
24,https://www.reputatiecoaching.nl/24,https://archive.org/download/20130511-reputatie-coaching-podcast-024/20130511-ReputatieCoaching-Podcast-024.mp3,11-5-2013 23:30:18, Podcast Aflevering 24 (11-05-2013),podcast," lokale zoekresultaten, trouwambtenaar, lokale seo, google places for business, google carrousel, pagespeed insights"
25,https://www.reputatiecoaching.nl/25,https://archive.org/download/20130518-reputatie-coaching-podcast-025/20130518-ReputatieCoaching-Podcast-025.mp3,18-5-2013 22:16:50,"25: ReputatieCoaching nieuws, Google nieuwtjes, Google reviews en een teleurstellende Moederdagervaring",podcast,"arend landman, gé bouma, google i/o 2013, google maps, google streetview, google+, moscone center, reviews, san francisco, speakpipe, voicemail, youtube"
26,https://www.reputatiecoaching.nl/26,https://archive.org/download/20130525-reputatie-coaching-podcast-026/20130525-ReputatieCoaching-Podcast-026.mp3,25-5-2013 21:53:03,"26: 3 weken geen iTunes update, Yahoo! timmert aan de weg, Google Maps en tips voor het vernieuwen van content",podcast,"2-factor authentication, bedrijfspanorama, bedrijfsrondleiding, content marketing, flickr, google maps, sms, tumblr, twitter, yahoo!, yarpp"
27,https://www.reputatiecoaching.nl/27,https://archive.org/download/20130601-reputatie-coaching-podcast-027/20130601-ReputatieCoaching-Podcast-027.mp3,1-6-2013 22:04:13,"27: Content hergebruiken, foto achtergrond uitsnijden, Google Maps en 20 LinkedIn tips",podcast,"content marketing, dailymotion. vimeo, docstoc, fotobewerking, google maps, issuu, linkedin, metacafe, powerpoint, scribd, slideshare, youtube"
28,https://www.reputatiecoaching.nl/28,https://archive.org/download/20130608-reputatie-coaching-podcast-028/20130608-ReputatieCoaching-Podcast-028.mp3,8-6-2013 0:35:20,"28: Content marketing project, Facebook VIPS, Google Authorship en je moet een expert worden",podcast,"2-factor authentication, content marketing, eindhoven airport, evernote, facebook, google authorship, issuu, linkedin, matt cutts, scribd, slideshare, video, videomarketing, youtube"
29,https://www.reputatiecoaching.nl/29,https://archive.org/download/20130615-reputatie-coaching-podcast-029/20130615-ReputatieCoaching-Podcast-029.mp3,15-6-2013 17:00:32,"29: Betere iTunes vermelding, Waze gekocht door Google en ander nieuws en 5 tips om je content opnieuw onder de aandacht te brengen",podcast,"apple, duckduckgo, facebook, google+, itunes, matt cutts, pat flynn, powerpress, rabobank, tomtom, twitter, waze"
30,https://www.reputatiecoaching.nl/30,https://archive.org/download/20130622-reputatie-coaching-podcast-030/20130622-ReputatieCoaching-Podcast-030.mp3,22-6-2013 18:30:20,"30: Instagram doet video, Pinterest tips en Nederlandse taal",podcast,"bea van de bovenkamp, blogger, facebook, google+, instagram, interview, misterwhat, nederlandse taal, pinterest, reputatie, taal, taalgebruik, tips, twitter, video, vine, webmaster, yelloyello, youtube"
31,https://www.reputatiecoaching.nl/31,https://archive.org/download/20130701-reputatie-coaching-podcast-031/20130701-ReputatieCoaching-Podcast-031.mp3,1-7-2013 23:50:10,"31: Reputatie Berner Sennen, einde Google Reader, SEO voor Slideshare, ranking in Bing en Yelp reviews",podcast,"apple maps, berner sennen, bing, duckduckgo, google maps, google search, ios7, iphone, reviews, siri, yelp"
32,https://www.reputatiecoaching.nl/32,https://archive.org/download/20130706-reputatie-coaching-podcast-032/20130706-ReputatieCoaching-Podcast-032.mp3,6-7-2013 23:55:19,"32: AltaVista exit, mobiele websites in de Fortune 500, Google+, het ReputatieCoaching Podcast Boek en 8 tips voor een succesvolle lokale website",podcast,"altavista, citation, citations, cmgi, compaq, digital, docstoc, ebook, facebook, flickr, google hangout, google+ local, hangouts on air, hotfrog, issuu, karel geenen, metacafe, misterwhat, panoramio, reviews, scribd, slideshare, tomtom places, vimeo, yahoo!, yelloyello, yelp, youtube"
33,https://www.reputatiecoaching.nl/33,https://archive.org/download/20130713-reputatie-coaching-podcast-033/20130713-ReputatieCoaching-Podcast-033.mp3,13-7-2013 17:30:47,"33: Linkbuilding, guest posting, einde Google Latitude, reviews met sterren, Google grappen en Easter Eggs",podcast,"antarctica, easter eggs, google latitude, google maps, google reader, google+, google+ local, grappen, guest blogging, guest posting, humor, linkbuilding, matt cutts, paul de leeuw, streetview, youtube"
34,https://www.reputatiecoaching.nl/34,https://archive.org/download/20130720-reputatie-coaching-podcast-034/20130720-ReputatieCoaching-Podcast-034.mp3,20-7-2013 19:30:36,"34: Social logins, social shares, 5-sterren reviews zijn terug, Google Maps voor iedereen en nieuws over Yelp",podcast,"facebook, google maps, google+, google+ local, ipad, iphone, linkedin, matt cutts, pinterest, reviews, twitter, webinar, yelp"
35,https://www.reputatiecoaching.nl/35,https://archive.org/download/20130727-reputatie-coaching-podcast-035/20130727-ReputatieCoaching-Podcast-035.mp3,27-7-2013 19:30:35,35: 1 miljoen Facebook pagina's per maand. Bedrijfspanorama hogere rankings? Waarom kost SEO zoveel tijd? Content schrijven die scoort anno 2013,podcast,"bedrijfspanorama, duplicate content, facebook, google+, google+ lokaal, infographic, linkedin, lokale seo, ordina, presentatie, schrijversblokkade, seo, tips, trucs, twitter, wordpress"
36,https://www.reputatiecoaching.nl/36,https://archive.org/download/20130803-reputatie-coaching-podcast-036/20130803-ReputatieCoaching-Podcast-036.mp3,3-8-2013 19:30:05,"36: Google City Experts, de Google reviews, Google Helpouts en nieuws over Yelp. Comment marketing en video marketing.",podcast,"comment marketing, foursquare, geotargeting, google city experts, google hangouts, google helpouts, google+ lokaal, gravatar, matt cutts, reviews, starbucks, tld, video marketing, yelp, youtube"
37,https://www.reputatiecoaching.nl/37,https://archive.org/download/20130812-reputatie-coaching-podcast-037/20130812-ReputatieCoaching-Podcast-037.mp3,12-8-2013 8:30:17,"37: Corpus Justitia ter ziele en de podcast verhuist. Pinterest of Instagram? Over bloggen, WordPress 3.6 en Google nieuws",podcast,"bloggen, brechtje hendriks, corpus justitia, facebook, flickr, fraude, google authorship, ifttt, instagram, panoramio, photobucket, pinterest, tomtom places, twitter, wordpress, yelp, youtube"
38,https://www.reputatiecoaching.nl/38,https://archive.org/download/20130819-reputatie-coaching-podcast-038/20130819-ReputatieCoaching-Podcast-038.mp3,19-8-2013 8:30:24,"38: Evergreen content… tips en trucs. Foto's van je smartphone backuppen, je concentratie verbeteren en 5 video marketing tips",podcast,"amazon s3, app, backups, box, brechtje hendriks, camerasync, concentratie, concentratieproblemen, content marketing, corpus justitia, dropbox, evergreen content, flickr, fotos, google drive, instagram, iphone, marcus sheridan, matt cutts, michael stelzner, pinterest, skydrive, social media examiner"
39,https://www.reputatiecoaching.nl/39,https://archive.org/download/20130826-reputatie-coaching-podcast-039/20130826-ReputatieCoaching-Podcast-039.mp3,26-8-2013 8:30:33,"39: Reviews kopen? Effect van ""Tweet old Post"", lokale ranking factoren, scoren in Bing en gebruik van stockfoto's",podcast,"bedrijfsvermeldingen, bing, citations, david mihm, facebook, graph search, ios 7, iphone, istockfoto.com, matt cutts, mike blumenthal, siri, stockfoto's, tweet old post, wordpress, yelp"
40,https://www.reputatiecoaching.nl/40,https://archive.org/download/20130902-reputatie-coaching-podcast-040/20130902-ReputatieCoaching-Podcast-040.mp3,2-9-2013 8:30:36,"40: Google Helpouts officieel, Google Maps en Waze geïntegreerd, invloed van +1's en PageSpeed en nieuws van Yelp",podcast,"content marketing, google authorship, google hangouts, google helpouts, google maps, google pagespeed, groupon, reviews, vakantie, waze, yelp"
41,https://www.reputatiecoaching.nl/41,https://archive.org/download/20130909-reputatie-coaching-podcast-041/20130909-ReputatieCoaching-Podcast-041.mp3,9-9-2013 8:30:39,"41: Site vernieuwd! Microsoft koopt Nokia, 10.000 links voor US$5. Meerdere domeinnamen voor één weblog? Tips voor lokale content en betere social media updates",podcast,"bedrijfsvermeldingen, bing local, bing maps, brechtje hendriks, citations, fiverr, genesis, google maps, google pagespeed, here, linkbuilding, linkearning, lokale seo, matt cutts, microsoft, navteq, nokia, studiopress, thesis"
42,https://www.reputatiecoaching.nl/42,https://archive.org/download/20130916-reputatie-coaching-podcast-042/20130916-ReputatieCoaching-Podcast-042.mp3,16-9-2013 8:30:28,"42: Google RSS-alerts terug, WordPress 3.6.1 update, Outlook.com ondersteunt IMAP. Google opent jacht op automatisch gegenereerde content, NOFOLLOW links zijn niet schadelijk en een interview met Arend Landman over content marketing.",podcast,"arend landman, content marketing, dailymotion, document sharing, eas, frankwatching, google apps, google news, google reader, imap, issuu, matt cutts, outlook.com, pop3, rss-alerts, rss-feeds, scribd, slideshare, talkwalker alerts, vimeo, wordpress, youtube"
43,https://www.reputatiecoaching.nl/43,https://archive.org/download/20130923-reputatie-coaching-podcast-043/20130923-ReputatieCoaching-Podcast-043.mp3,23-9-2013 8:30:28,"43: Betere screenshot in YouTube, Backups op Flickr, Hippe Q&A op Hangouts, Top-5 invloeden van social media informatie en nieuws van outlook.com",podcast,"arend landman, backups, bea van de bovenkamp, box.com, camerasync, content marketing, embedded posts, flickr, flickrbucket, fotos, gmail, google+, iphone, kinderboekenweek, matt cutts, outlook.com"
44,https://www.reputatiecoaching.nl/44,https://archive.org/download/20130930-reputatie-coaching-podcast-044/20130930-ReputatieCoaching-Podcast-044.mp3,30-9-2013 8:30:26,"44: Google vernieuwt mobiele advertenties en welkom Google Hummingbird. Zoeken op hashtags""Not provided"" en nieuwe Google Places Zakelijk. Reviews en duplicate content.",podcast,"copyscape, duplicate content, google alerts, google authorship, google places, google places zakelijk, google webmaster tools, google+, google+ lokaal, hashtags, hummingbird, reviews, trustpilot, yelp"
45,https://www.reputatiecoaching.nl/45,https://archive.org/download/20131007-reputatie-coaching-podcast-045/20131007-ReputatieCoaching-Podcast-045.mp3,7-10-2013 8:30:14,"45: MeetingroomReview.com is nieuw! Hoe schrijf je een review? Yelp, spam en blogspam. Krijg meer telefoontjes!",podcast,"akismet, blogspam, comment spam, matt cutts, meetingroomreviews, qype, reviews, social spam, w3 validator, wordpress, yelp"
46,https://www.reputatiecoaching.nl/46,https://archive.org/download/20131014-reputatie-coaching-podcast-046/20131014-ReputatieCoaching-Podcast-046.mp3,14-10-2013 8:30:12,"46: Klout-orship op Bing, nieuws van Yelp, Foursquare en Google en een interview met Robert Spakman van MeetingroomReview.com",podcast,"android, bing, foursquare, iphone, klout, matt cutts, meetingroomreview, robert spakman, rooomer, t-mobile, vanity url, webinar, webinarexpress, yelp"
47,https://www.reputatiecoaching.nl/47,https://archive.org/download/20131021-reputatie-coaching-podcast-047/20131021-ReputatieCoaching-Podcast-047.mp3,21-10-2013 8:30:37,47: Google over guest blogging en een tip van Mike Blumenthal. Scoren responsive websites hoger? Tips voor LinkedIn en lokale SEO,podcast,"amazon s3, android, app, backup, backupstrategie, backwpup, conferenties, congressen, dropbox, google+ zakelijk, john mueller, linkedin, lokale seo, matt cutts, meetingroomreview.com, mike blumenthal, reviews, robert spakman, vergaderlocaties, wordpress, yelp"
48,https://www.reputatiecoaching.nl/48,https://archive.org/download/20131028-reputatie-coaching-podcast-048/20131028-ReputatieCoaching-Podcast-048.mp3,28-10-2013 8:30:53,"48: WordPress 3.7 is uit, Feedburner perikelen, Google experimenteert en Apple Kaarten voor lokale SEO. Waarom heeft reputatie management nodig?",podcast,"apple, blogging, bluebrry powerpress, cms, feedblitz, feedburner, forensen, google+, kaarten, mac os x, maps, openbaar vervoer, orm, ov, reistijd, reizen, reputatiemanagement, reputatiemonitoring, rss, vertraging, wordpress, yelp"
49,https://www.reputatiecoaching.nl/49,https://archive.org/download/20131104-reputatie-coaching-podcast-049/20131104-ReputatieCoaching-Podcast-049.mp3,4-11-2013 8:30:02,"49: RSS-probleem nog niet weg, vanity URL's op Google+, Google+ vernieuwd, WordPress 3.7.1 en is er een nieuw linknetwerk in opbouw?",podcast,"dimitri visser, feedblitz, feedburner, google+, hangouts on air, itunes, linkfarm, linknetwerk, matt cutts, maximumexposure.nl, pagerank, pinterest, vanity url, wordpress, yelp"
50,https://www.reputatiecoaching.nl/50,https://archive.org/download/20131111-reputatie-coaching-podcast-050/20131111-ReputatieCoaching-Podcast-050.mp3,11-11-2013 8:30:30,"50: Google review score van 4,6? Meer over Google+ vanity URLs, Hyves ter ziele, nieuwe Like, Share en +1 buttons en over schema.org voor video's.",podcast,"apple maps, facebook, google+, hyves, like, lokale seo, matt cutts, nijmegen, responsive webdesign, reviews, schema.org, share, tomtom places, vanity url, yalwa, yelp, youtube"
51,https://www.reputatiecoaching.nl/51,https://archive.org/download/20131118-reputatie-coaching-podcast-051/20131118-ReputatieCoaching-Podcast-051.mp3,18-11-2013 8:30:58,"51: Congres Contentmarketing (#congrescm13), VGZ adverteert voor reviews op televisie, Yelp gefilterde reviews verdwenen en Google+ weergave vernieuwd",podcast,"amsterdam, arend landman, b.j. de logie, blutarsky, c.c. chapman, congres, content marketing, experiment, google+, grootaarts, henk hofman, irene vink, mark schaefer, nicole wedler, nijmegen, patrick mackaaij, recensies, reviews, vgz, yelp"
52,https://www.reputatiecoaching.nl/52,https://archive.org/download/20131125-reputatie-coaching-podcast-052/20131125-ReputatieCoaching-Podcast-052.mp3,25-11-2013 8:30:59,"52: iTunes en Stitcher weer op orde, Video SEO, het belang van owned media en het vermijden van dubbele metatag beschrijvingen",podcast,"google maps, google+, google+ zakelijk, itunes, linkedin, matt cutts, reviews, rss-feeds, wordpress, youtube"
53,https://www.reputatiecoaching.nl/53,https://archive.org/download/20131202-reputatie-coaching-podcast-053/20131202-ReputatieCoaching-Podcast-053.mp3,2-12-2013 8:30:05,"53: 208.395 woorden in 52 weken, Google brengt Review management tool, Map Maker weer online, content creatie, #congrescm13 en Pinterest Place Pins",podcast,"#congrescm13, arend landman, congres, content marketing, foursquare, google glass, google map maker, google+, lokale seo, pinterest, place pins"
54,https://www.reputatiecoaching.nl/54,https://archive.org/download/20131209-reputatie-coaching-podcast-054/20131209-ReputatieCoaching-Podcast-054.mp3,9-12-2013 21:30:49,"54: 50 GB in de cloud, Facebook pagina's, Klout voor bedrijven, Google+ voor nieuws en 8 tips om op te vallen met je blog",podcast,"cloud, gemeente overbetuwe, hyves, iphone, klout, klout for business, mega, owned media, smartphone"
55,https://www.reputatiecoaching.nl/55,https://archive.org/download/20131216-reputatie-coaching-podcast-055/20131216-ReputatieCoaching-Podcast-055.mp3,16-12-2013 20:24:40,"55: WordPress 3.8, vernieuwde Google+ Hangouts, Qype in Yelp en nieuws van Yelp en Twitter. Doe je voordeel met deze 15 content marketing voorspellingen voor 2014!",podcast,"facebook, gigya, google+, hangouts, instagram, matt cutts, pinterest, qype, twitter, vine, wordpress, yelp, youtube"
56,https://www.reputatiecoaching.nl/56,https://archive.org/download/20131223-reputatie-coaching-podcast-056/20131223-ReputatieCoaching-Podcast-056.mp3,23-12-2013 8:30:06,"56: Volg de Kerstman, Pinterest Place Pins op 42bis.nl, duplicate content is prima volgens Matt Cutts en reputatiemonitoring voor kleine zelfstandigen",podcast,"duplicate content, facebook, frankwatching, google alerts, matt cutts, pinterest, place pins, recensies, reviews, twitter, youtube"
57,https://www.reputatiecoaching.nl/57,https://archive.org/download/20131230-reputatie-coaching-podcast-057/20131230-ReputatieCoaching-Podcast-057.mp3,30-12-2013 8:30:20,"57: Terugblik op 2013 social media trends, Google Alerts wordt slechter, Content voor Hummingbird",podcast,"evergreen content, facebook, google+, hummingbird, outlook.com, pinterest, place pins, reviews, social media, trends, twitter, zagat"
58,https://www.reputatiecoaching.nl/58,https://archive.org/download/20140106-reputatie-coaching-podcast-058/20140106-ReputatieCoaching-Podcast-058.mp3,6-1-2014 8:30:49,"58: Google Publishership voor meer exposure, robots.txt, interviews als bron voor blogposts en citations voorjaarsschoonmaak",podcast,"42bis, bedrijfsvermeldingen, call recorder, citations, google authorship, google publishership, hangout on air, interview, pamela, robots.txt, skype"
59,https://www.reputatiecoaching.nl/59,https://archive.org/download/20140113-reputatie-coaching-podcast-059/20140113-ReputatieCoaching-Podcast-059.mp3,13-1-2014 8:30:30,"59: Autisme helpt bij SEO, mail zonder mailadres, nieuwe weergave zoekresultaten Google en DuckDuckGo",podcast,"cherry, duckduckgo, genesis, google+, googlebot, lokale seo, matt cutts, pagelines, pinterest, thesis, webdesign"
60,https://www.reputatiecoaching.nl/60,https://archive.org/download/20140120-reputatie-coaching-podcast-060/20140120-ReputatieCoaching-Podcast-060.mp3,20-1-2014 8:30:39,"60: Winter Winkeldata Workshop, Workshop lokale SEO bij de Rabobank, geheime tips voor video marketing en het belang van lokale SEO voor je bedrijf",podcast,"content marketing, fiverr, lokale seo, rabobank, utrecht, video marketing, youtube"
61,https://www.reputatiecoaching.nl/61,https://archive.org/download/20140127-reputatie-coaching-podcast-061/20140127-ReputatieCoaching-Podcast-061.mp3,27-1-2014 8:30:23,61: 10 Manieren om je content marketing strategie harder voor jou te laten werken en je eigen naam als online brand positioneren,podcast,"bedrijfsvermelding, bedrijfsvermeldingen, citations, content marketing, lokale seo, online branding, tandarts"
62,https://www.reputatiecoaching.nl/62,https://archive.org/download/20140203-reputatie-coaching-podcast-062/20140203-ReputatieCoaching-Podcast-062.mp3,3-2-2014 8:30:23,"62: Rabobank Reputatiemanager nog niet goed ingewerkt, Content Marketing tijdens mijn vakantie en guest blogging volgens Google",podcast,"bedrijfspanorama, google carrousel, local seo, locatiebox, matt cutts, rabobank, reputatiemanager, reviews"
63,https://www.reputatiecoaching.nl/63,https://archive.org/download/20140210-reputatie-coaching-podcast-063/20140210-ReputatieCoaching-Podcast-063.mp3,10-2-2014 8:30:11,"63: #SMC055, win een taart, vragen van luisteraars en over de juiste Google+ categorie voor een begrafenisondernemer",podcast,"begrafenisondernemer, citations, locatieonafhankelijk zoeken, #smc055, reviews"
64,https://www.reputatiecoaching.nl/64,https://archive.org/download/20140217-reputatie-coaching-podcast-064/20140217-ReputatieCoaching-Podcast-064.mp3,17-2-2014 8:30:34,"64: Valentijnsdag is commercieel, Yahoo partner van Yelp, Yelp vernieuwt website en Matt Cutts vertelt over de werkdag van een webspam fighter",podcast," matt cutts, pinterest, smc055, valentijnsdag, yahoo!, yelp"
65,https://www.reputatiecoaching.nl/65,https://archive.org/download/20140224-reputatie-coaching-podcast-065/20140224-ReputatieCoaching-Podcast-065.mp3,24-2-2014 8:30:46,"65: Google Glass toepassingen in de praktijk, WhatsApp overgenomen door Facebook, Google Maps uit Bèta, online storage en meer",podcast,"amazon s3, backlinks, cdn, cloud storage, cloudfront, content delivery network, contentmarketing, dropbox, facebook, glasshole, google glass, matt cutts, microsoft onedrive, mtproto, ordina, pagerank, skydrive, smc055, tandartsmarketing, telegram, whatsapp"
66,https://www.reputatiecoaching.nl/66,https://archive.org/download/20140303-reputatie-coaching-podcast-066/20140303-ReputatieCoaching-Podcast-066.mp3,3-3-2014 8:30:09,"66: Promotievideo's voor Google Glass, spam in Google Maps, handig gebruik van scraper sites en hoe je een blogpost schrijft in een uur",podcast,"bing, content scraper, dmca, google glass, google maps, matt cutts, ordina"
67,https://www.reputatiecoaching.nl/67,https://archive.org/download/20140310-reputatie-coaching-podcast-067/20140310-ReputatieCoaching-Podcast-067.mp3,10-3-2014 8:30:41,"67: de 5 W's & 1 H van content marketing, bedrijf verwijderen van Internet, negatieve reviews zijn ook positief en nieuws over Getty Images",podcast," content marketing, getty images, google maps, reviewmanagement, xoip"
68,https://www.reputatiecoaching.nl/68,https://archive.org/download/20140317-reputatie-coaching-podcast-068/20140317-ReputatieCoaching-Podcast-068.mp3,17-3-2014 8:30:24,"68: IPTC & XMP metadata voor mogelijk betere vindbaarheid foto's, reviewmanagement bij Chinese douane, Twitterhack door phishing en meer",podcast,"arend landman, citaten, exif, gastblog, iptc, matt cutts, metadata, uitspraken, xmp"
69,https://www.reputatiecoaching.nl/69,https://archive.org/download/20140324-reputatie-coaching-podcast-069/20140324-ReputatieCoaching-Podcast-069.mp3,24-3-2014 8:30:50,"69: Backup van je email, mobiel Internetgebruik groeit enorm en claim NU je zakelijke Google+ pagina!",podcast,"backup, backwpup, bing, citations, foursquare, google+, google+ zakelijk, lokale seo, matt cutts, phishing, waze, yahoo!, yelp"
70,https://www.reputatiecoaching.nl/70,https://archive.org/download/20140331-reputatie-coaching-podcast-070/20140331-ReputatieCoaching-Podcast-070.mp3,31-3-2014 8:30:44,"70: Social media training aan tandheelkundigen, Facebook privacy instellingen, indoor mapping en informatie over een online reputatieverzekering",podcast,"axa, facebook, google indoor maps, google maps, indoor mapping, privacy, reputatiegarantie, reputatiemanagement, reputatiemonitoring, reputatieverzekering"
71,https://www.reputatiecoaching.nl/71,https://archive.org/download/20140407-reputatie-coaching-podcast-071/20140407-ReputatieCoaching-Podcast-071.mp3,7-4-2014 8:30:00,"71: Zomertijd in WordPress, over lokale landingpagina's, Twitter privacy issues, WordPress performance en meer tips voor Google+",podcast,"facebook, google maps, google+, joost de valk, matt cutts, performance, privacy, tagging, twitter, wordpress seo"
72,https://www.reputatiecoaching.nl/72,https://archive.org/download/20140414-reputatie-coaching-podcast-072/20140414-ReputatieCoaching-Podcast-072.mp3,14-4-2014 8:30:49,"72: Forrester zegt: Ga aan de slag met Google+! LinkedIn schrapt functionaliteit, evenals Facebook! En wil je GRATIS 10 TB opslag?",podcast,"facebook, forrester research, google+, linkedin, lokale seo, moz, plugin, wordpress"
73,https://www.reputatiecoaching.nl/73,https://archive.org/download/20140421-reputatie-coaching-podcast-073/20140421-ReputatieCoaching-Podcast-073.mp3,21-4-2014 8:30:10,"73: Veel Facebook updates, heel veel! Facebook Marketing bij #SMC055 en ""Spam Around The World"" met Matt Cutts",podcast," facebook, facebook marketing, foursquare, google adwords, google maps business view, google+, lokale seo, matt cutts, reviewmanagement, reviews, smc055, tripadvisor, yelp"
74,https://www.reputatiecoaching.nl/74,https://archive.org/download/20140428-reputatie-coaching-podcast-074/20140428-ReputatieCoaching-Podcast-074.mp3,28-4-2014 8:30:44,74: Facebook posts ranken in Google en Google+ op lager pitje! Kleine sites kunnen beter ranken dan grote sites en reviews van Zagat gebruikers zijn foetsie!,podcast,"content marketing, facebook, google maps, google+, matt cutts, twitter, yelp, zagat"
75,https://www.reputatiecoaching.nl/75,https://archive.org/download/20140505-reputatie-coaching-podcast-075/20140505-ReputatieCoaching-Podcast-075.mp3,5-5-2014 8:30:35,"75: Lidl populairste retailer op Facebook, maar belabberd op Google+. Haatreviews rapporteren in Google+ en hoe bepaalt Google de weergegeven titel van je webpagina’s?",podcast,"albert heijn, amanda blain, bedrijfsvermeldingen, c1000, citations, dekamarkt, dirk, facebook, google+, lidl, lokale seo, matt cutts, reviews, ubersuggest, vic gundotra"
76,https://www.reputatiecoaching.nl/76,https://archive.org/download/20140512-reputatie-coaching-podcast-076/20140512-ReputatieCoaching-Podcast-076.mp3,12-5-2014 8:30:52,76: Weer eens over Google+ vanity URLs. DuckDuckGo vernieuwd: nu ook lokaal! Akismet mijn favoriet en Google gebruikt voorlopig nog wel backlinks voor ranking.,podcast,"brechtje de leij, carrousel, duckduckgo, google now, google+, reviews, smc055, yelp"
77,https://www.reputatiecoaching.nl/77,https://archive.org/download/20140519-reputatie-coaching-podcast-077/20140519-ReputatieCoaching-Podcast-077.mp3,19-5-2014 8:30:01,"77: 5 lokale SEO fabels, 7 lokale SEO belemmeringen, hacking WordPress en nieuws over Foursquare en Buenoo",podcast,"brechtje de leij, buenoo, foursquare, hacking, jeroen olthof, meetingroomreview, openingstijden, reviews, smc055, wordfence, wordpress"
78,https://www.reputatiecoaching.nl/78,https://archive.org/download/20140526-reputatie-coaching-podcast-078/20140526-ReputatieCoaching-Podcast-078.mp3,26-5-2014 8:30:28,"78: Einde eKudos, bronnen voor Apple Maps, nieuwe DuckDuckgo live. Nieuws van V&D, Twitch, Yelp, outlook.com en Facebook",podcast,"duckduckgo, facebook, factual, openstreetmap, outlook.com, tomtom, twitch, v&d, waze, yelp, youtube"
79,https://www.reputatiecoaching.nl/79,https://archive.org/download/20140602-reputatie-coaching-podcast-079/20140602-ReputatieCoaching-Podcast-079.mp3,2-6-2014 8:30:33,"79: Facebook malware in actie, YouTube krijgt concurrent, tooltip over verkleinen van afbeeldingen en nieuws over Panda 4.0",podcast,"chromebook, compressor.io, dailymotion, facebook, hulu, john mueller, malware, marissa mayer, panda 4.0, penguin, reviewmanagement, reviews, skype, smush.it, yahoo!, youtube"
80,https://www.reputatiecoaching.nl/80,https://archive.org/download/20140609-reputatie-coaching-podcast-080/20140609-ReputatieCoaching-Podcast-080.mp3,9-6-2014 8:30:56,"80: DuckDuckGo in Safari, SEO fout nr. 1 en PageRank uitleg. Workshop met Emile Ratelband. Vimeo beter dan YouTube? Training Video SEO!",podcast,"apple, duckduckgo, emile ratelband, future fun ballooning, john mueller, matt cutts, pagerank, safari, somatology, video seo, videomarketing, vimeo, youtube"
81,https://www.reputatiecoaching.nl/81,https://archive.org/download/20140619-reputatie-coaching-podcast-081/20140619-ReputatieCoaching-Podcast-081.mp3,19-6-2014 8:30:28,"81: Google Mijn Bedrijf gelanceerd, Google koopt Skybox en meer Google nieuws! Pinterest 1 mld reis pins en Flickr schrapt sociale logins",podcast,"facebook, flickr, gmail, google hangout, google streetview, google+, pinterest, rijksuniversiteit groningen, rug, streetview, yelp"
82,https://www.reputatiecoaching.nl/82,https://archive.org/download/20140626-reputatie-coaching-podcast-082/20140626-ReputatieCoaching-Podcast-082.mp3,26-6-2014 8:30:13,82: Google straft sites met slechte mobiele ervaring en brengt mijn Bedrijf app voor iOS uit. Facebook verandert ranking video's. Verbetering CRM KPN hard nodig!,podcast,"android, facebook, google+, ios, javascript, john mueller, joost de valk, panda, twitter, yoast"
83,https://www.reputatiecoaching.nl/83,https://archive.org/download/20140703-reputatie-coaching-podcast-083/20140703-ReputatieCoaching-Podcast-083.mp3,3-7-2014 8:30:35,83: Google stopt met Authorship foto’s en met Orkut. Interview met Robert Spakman. Recht om vergeten te worden wordt zichtbaar en KLM maakt ex-amigos in Midden- en Zuid-Amerika.,podcast," #nedmex, facebook, google authorship, john mueller, klm, meetingroomreview.com, mexico, orkut, robert spakman, rooomer, wk voetbal"
84,https://www.reputatiecoaching.nl/84,https://archive.org/download/20140710-reputatie-coaching-podcast-084/20140710-ReputatieCoaching-Podcast-084.mp3,10-7-2014 8:30:46,"84: De invloed van reviews, Yelp is meest betrouwbare review site, videomarketing en video SEO op YouTube en actuele social media statistieken",podcast,"google authorship, orkut, google webmaster tools, yelp, nielsen, videomarketing, video seo, youtube, reviews, instagram, social media, facebook"
85,https://www.reputatiecoaching.nl/85,https://archive.org/download/20140717-reputatie-coaching-podcast-085/20140717-ReputatieCoaching-Podcast-085.mp3,17-7-2014 8:30:37,"85: Facebook niet meer nummer 1, boete voor negatieve review en Google verwijderd video thumbnails",podcast,"caroline doudet, google+, il giardino, karel geenen, reviews, tripadvisor"
86,https://www.reputatiecoaching.nl/86,https://archive.org/download/20140724-reputatie-coaching-podcast-086/20140724-ReputatieCoaching-Podcast-086.mp3,24-7-2014 8:30:31,86: Interview met Karel Geenen (deel 1) en een handige tip voor een tijdelijk e-mailadres!,podcast,"black hat seo, gary vaynerchuk, interview, karel geenen, white hat seo, yargon"
87,https://www.reputatiecoaching.nl/87,https://archive.org/download/20140731-reputatie-coaching-podcast-087/20140731-ReputatieCoaching-Podcast-087.mp3,31-7-2014 8:30:44,87: Interview met Karel Geenen (deel 2) en een tip voor het later sturen van e-mail,podcast,"facebook, google maps, google+, google+ mijn bedrijf, karel geenen, lettermelater"
88,https://www.reputatiecoaching.nl/88,https://archive.org/download/20140806-reputatie-coaching-podcast-088/20140806-ReputatieCoaching-Podcast-088.mp3,7-8-2014 8:30:35,"88: Google Pigeon update, Yelp video reviews, en US$500 boete per negatieve review?!",podcast,"2-factor authenticatie, facebook, google pigeon, google streetview, lastpass, mike blumenthal, reviews, vakantie, video reviews, yelp, yubikey"
89,https://www.reputatiecoaching.nl/89,https://archive.org/download/20140814-reputatie-coaching-podcast-089/20140814-ReputatieCoaching-Podcast-089.mp3,14-8-2014 8:30:12,"89: SSL helpt ranking, Penguin op vakantie. Hoelang duurt scoren in lokale resultaten? Video marketing bij Volvo en BMW",podcast," #bmwstories, bentley, bmw, brightlocal, cloud storage, john mueller, local seo, phil britton, phil rozek, red bull, ssl, video marketing, volvo"
90,https://www.reputatiecoaching.nl/90,https://archive.org/download/20140821-reputatie-coaching-podcast-090/20140821-ReputatieCoaching-Podcast-090.mp3,21-8-2014 8:30:50,"90: Wat is podcasting? DTG gaat in reviews, Google bracht vorig jaar 890 veranderingen aan. Wat doe je met een verkeerde telefoonvermelding op Internet?",podcast,"amit singhal, de telefoongids, dtg, google maps, google photosphere, gouden gids, spreekbeurt"
91,https://www.reputatiecoaching.nl/91,https://archive.org/download/20140828-reputatie-coaching-podcast-091/20140828-ReputatieCoaching-Podcast-091.mp3,29-8-2014 8:30:06,"91: Lokale SEO problemen, Apple Kaarten populairder, maak je eigen animated GIFs en upload video's van Google+ naar YouTube!",podcast,"animated gif, apple kaarten, apple maps, crowdsourcing, duplicate content, ios 8, jan iedema, john mueller, karel geenen, lokale seo, youtube"
92,https://www.reputatiecoaching.nl/92,https://archive.org/download/20140904-reputatie-coaching-podcast-092/20140904-ReputatieCoaching-Podcast-092.mp3,4-9-2014 8:30:45,"92: Einde Google Authorship, Google experimenteert met reviewsterretjes, 6 tips voor je reputatie op school en NAP Hunter tooltip!",podcast,"authorrank, google authorship, google chrome, lokale seo, n.a.p. hunter!"
93,https://www.reputatiecoaching.nl/93,https://archive.org/download/20140911-reputatie-coaching-podcast-093/20140911-ReputatieCoaching-Podcast-093.mp3,11-9-2014 8:30:42,"93: Het Nieuwe Werken (Flex!), Dropbox problemen, endless scrolling en spreuken voor content marketing",podcast,"backwpup, content marketing, dropbox, het nieuwe werken, john mueller, matt cutts, regus, w3 total cache, wordpress"
94,https://www.reputatiecoaching.nl/94,https://archive.org/download/20140918-reputatie-coaching-podcast-094/20140918-ReputatieCoaching-Podcast-094.mp3,18-9-2014 8:30:25,94: Interview met Brenda Kok van Sparkling Professionals,podcast,"brenda kok, hangout on air, interview, karel geenen, videomarketing, youtube"
95,https://www.reputatiecoaching.nl/95,https://archive.org/download/20140925-reputatie-coaching-podcast-095/20140925-ReputatieCoaching-Podcast-095.mp3,25-9-2014 8:30:25,"95: Haat ons restaurant! Panoramio Exit! Leuke Leerzame Links mailing, WebP bestandsformaat en scoor lokaal met een evenement!",podcast,"brenda kok, google+ mijn bedrijf, tripadvisor, videomarketing, webp, yelp"
96,https://www.reputatiecoaching.nl/96,https://archive.org/download/20141002-reputatie-coaching-podcast-096/20141002-ReputatieCoaching-Podcast-096.mp3,2-10-2014 8:30:18,"96: Online Reputatie Scan, analyse bandenbedrijf uit Apeldoorn, Orkut en Yahoo! Directory ten einde en geen review sterretjes op homepage",podcast,"autobandenbedrijf, online reputatie scan, orkut, reputatiemanagement, review rich snippets, rich snippets, tandartsen, vemedia, videorecensie, yahoo! directory, zonnebrand"
97,https://www.reputatiecoaching.nl/97,https://archive.org/download/20141009-reputatie-coaching-podcast-097/20141009-ReputatieCoaching-Podcast-097.mp3,9-10-2014 8:30:07,"97: GRATIS LinkedIn Premium, Ello en Google+ nieuws. Nieuwe cookiewet is slap en 6 video's van Google over lokale SEO",podcast,"brenda kok, linkedin, google+, ello, apple watch, apple kaarten, cookiewet, flash"
98,https://www.reputatiecoaching.nl/98,https://archive.org/download/20141016-reputatie-coaching-podcast-098/20141016-ReputatieCoaching-Podcast-098.mp3,16-10-2014 8:30:11,"98: Afbeeldingen van blogpost naar Facebook perikelen, 100e podcast komt eraan en interview met Nathan Veenstra",podcast,"nathan veenstra, interview, facebook"
99,https://www.reputatiecoaching.nl/99,https://archive.org/download/20141023-reputatie-coaching-podcast-099/20141023-ReputatieCoaching-Podcast-099.mp3,23-10-2014 8:30:31,99: Penguin 3.0 is los! Einde 14-Daagse Video Challenge. Goede categorie kiezen in Google+ en FB overtreft YouTube voor video!,podcast,"against cancer, audacity, brenda kok, copyblogger, penguin 3.0, soundcloud, tunein radio, twitter, video challenge"
100,https://www.reputatiecoaching.nl/100,https://archive.org/download/20141030-reputatie-coaching-podcast-100/20141030-ReputatieCoaching-Podcast-100.mp3,30-10-2014 8:30:53,Emile Ratelband (@emileratelband) over reputatieschade en imago - Podcast 100,podcast,"emile ratelband, interview, somatology"
101,https://www.reputatiecoaching.nl/101,https://archive.org/download/20141106-reputatie-coaching-podcast-101/20141106-ReputatieCoaching-Podcast-101.mp3,6-11-2014 8:30:26,101: Verschil tussen links en citations. Grote commerciële reviewsites nuttig voor lokale ondernemers? Google carrousel gespot in Nederland! ,podcast,"bedrijfsvermeldingen, buenoo, citations, ekomi, emile ratelband, feedbackcompany, google carrousel, kiyoh, telefoonboek, trustpilot, yelp"
102,https://www.reputatiecoaching.nl/102,https://archive.org/download/20141113-reputatie-coaching-podcast-102/20141113-ReputatieCoaching-Podcast-102.mp3,13-11-2014 8:30:09,102: Podcast bromvrij! Gratis mailhosting bij Zoho. Over de Knowledge Graph en AuthorRank. Mobielste feestdagen komen eraan!,podcast,"authorrank, bedrijfspanorama, google authorship, google maps business view, linkedin, profielfoto, social media"
103,https://www.reputatiecoaching.nl/103,https://archive.org/download/20141120-reputatie-coaching-podcast-103/20141120-ReputatieCoaching-Podcast-103.mp3,20-11-2014 8:30:37,103: Geen reviews in Winterberg. Google Carrousel komt en gaat. Sitelinks Search Box in Google. Mobielvriendelijke sites scoren hoger!,podcast,"carrousel, foursquare, google carrousel, google+, mike blumenthal, mobile friendly, sitelinks, sitelinks search box, twitter, winterberg, yelp"
104,https://www.reputatiecoaching.nl/104,https://archive.org/download/20141127-reputatie-coaching-podcast-104/20141127-ReputatieCoaching-Podcast-104.mp3,27-11-2014 8:30:31,104: STOP die zinloze Facebook en Twitter marketing! Statistieken van 2 jaar ReputatieCoaching. GRATIS SSL/TLS certificaat en 14 tips voor je mailinglist!,podcast,"bijbel, brenda kok, eff, facebook, forrester research, isrg, let's encrypt, mailinglist, oude testament, pierre far, tumblr, twitter"
105,https://www.reputatiecoaching.nl/105,https://archive.org/download/20141204-reputatie-coaching-podcast-105/20141204-ReputatieCoaching-Podcast-105.mp3,4-12-2014 8:30:20,105: #FAIL voor @Vitens. Hoe optimaliseer je een webshop? Scoort jouw site in Bing en DuckDuckGo? 10 tips om met je site te scoren in Bing!,podcast,"bing, bing local, duckduckgo, firefox, google+, ios, john mueller, safari, vitens, yahoo!"
106,https://www.reputatiecoaching.nl/106,https://archive.org/download/20141211-reputatie-coaching-podcast-106/20141211-ReputatieCoaching-Podcast-106.mp3,11-12-2014 20:00:31,"106: Eerste webinar over Internetmarketing voor Fotografen een succes! Google meldt ""Voor mobiel""! Yelp is zo betrouwbaar als Michelin...",podcast," chromebook, google hangouts, google maps, google top contributor, hang, michelin, reviews, webinar, yelp"
107,https://www.reputatiecoaching.nl/107,https://archive.org/download/20141218-reputatie-coaching-podcast-107/20141218-ReputatieCoaching-Podcast-107.mp3,18-12-2014 8:30:21,"107: Nieuws van Yelp! DuckDuckGo goes more local! Kwaliteit van content is een ranking factor en ""betrouwbare"" SEO services uit India...",podcast,"bing, duckduckgo, facebook, instagram, seo services, twitter, yelp"
108,https://www.reputatiecoaching.nl/108,https://archive.org/download/20141227-reputatie-coaching-podcast-108/20141227-ReputatieCoaching-Podcast-108.mp3,27-12-2014 8:30:48,108: Kerstcadeau voor jou! Review Media Company nader belicht. Makelaar Jeroen Reinders op social media. Adblockers: zegening of nachtmerrie?,podcast,"duckduckgo, hendriks, iprospect, jeroen reinders, paul hottinga, reinders, review media company, startpagina, vinden.nl"
109,https://www.reputatiecoaching.nl/109,https://archive.org/download/20150101-reputatie-coaching-podcast-109/20150101-ReputatieCoaching-Podcast-109.mp3,1-1-2015 8:30:42,"109: Nieuwe gebruikersvoorwaarden Facebook echt nieuw? Over Google Pigeon, WordPress 4.1 en de Top-5 van ReputatieCoaching podcasts van 2014.",podcast,"brenda kok, carrousel, emile ratelband, google carrousel, local seo, lokale seo, tripadvisor, yelp"
110,https://www.reputatiecoaching.nl/110,https://archive.org/download/20150108-reputatie-coaching-podcast-110/20150108-ReputatieCoaching-Podcast-110.mp3,8-1-2015 8:30:18,110: Garagareviews en webinar over reviews. Webinar Ignition functioneert bijna goed. Originele bronnen voor recensies en introductie van Trello.,podcast,"anwb, facebook, fotografen, garagereviews, internetmarketing, trello, webinar ignition, whatsapp, wordpress"
111,https://www.reputatiecoaching.nl/111,https://archive.org/download/20150115-reputatie-coaching-podcast-111/20150115-ReputatieCoaching-Podcast-111.mp3,15-1-2015 8:30:30,"111: Hoe bouw je een sterk online pseudoniem of alter ego? IENS.nl, seatme.nl overgenomen door TripAdvisor en Facebook video views in de lift.",podcast,"alter ego, autoriteit, blogging, facebook, foursquare, google+, iens.nl, instagram, linkedin, nl, pseudoniem, seatme, social media, tripadvisor, tumblr, twitter, vindbaarheid, yelp, youtube, zichtbaarheid"
112,https://www.reputatiecoaching.nl/112,https://archive.org/download/20150122-reputatie-coaching-podcast-112/20150122-ReputatieCoaching-Podcast-112.mp3,22-1-2015 8:30:19,"112: Presentatie bij CoffeePitch Apeldoorn ""Verbeter je online zichtbaarheid, vindbaarheid en reputatie voor meer omzet""",podcast,"apeldoorn, coffeepitch apeldoorn, presentatie"
113,https://www.reputatiecoaching.nl/113,https://archive.org/download/20150129-reputatie-coaching-podcast-113/20150129-ReputatieCoaching-Podcast-113.mp3,29-1-2015 8:30:06,"113: Degradatie voor mobielonvriendelijke sites in Google, Lokale SEO in Gambia en meer Google nieuws",podcast,"automotive coach, expedia, google adwords, google mapmaker, google+, herman houwing, jade wang, john mueller, mobielvriendelijk, owned content, responsive webdesign"
114,https://www.reputatiecoaching.nl/114,https://archive.org/download/20150205-reputatie-coaching-podcast-114/20150205-ReputatieCoaching-Podcast-114.mp3,5-2-2015 8:30:30,114: Laadtijd website meten en trage website verbeteren. Interview met Bill Tancer en er komen meer webinars! Aankondiging nieuwe unieke dienst in Nederland,podcast,"amazon.com, bill tancer, citations, cloudfront, laadtijd website, maxcdn, tripadvisor, yelp"
115,https://www.reputatiecoaching.nl/115,https://archive.org/download/20150212-reputatie-coaching-podcast-115/20150212-ReputatieCoaching-Podcast-115.mp3,12-2-2015 8:30:47,115: #SMC055 anders dan anders. Dubbele G+ vermeldingen. Luisteraars aan het woord en een interview met Paul Hottinga en Remco Bos van de Review Media Company.,podcast,"bert anvelink, bram koster, diana albrink, google documenten, google drive, google presentaties, google spreadsheets, kitty kilian, paul hottinga, remco bos, safer internet day, smc055"
116,https://www.reputatiecoaching.nl/116,https://archive.org/download/20150219-reputatie-coaching-podcast-116/20150219-ReputatieCoaching-Podcast-116.mp3,19-2-2015 8:30:39,116: Hoe verzamel je citations en reviews? Website Transavia niet vindbaar? Schrijven = schrappen! En een update van Google Lokale Gidsen.,podcast,"citations, diana albrink, reviews, yelp"
117,https://www.reputatiecoaching.nl/117,https://archive.org/download/20150226-reputatie-coaching-podcast-117/20150226-ReputatieCoaching-Podcast-117.mp3,26-2-2015 8:30:30,117: Rode waarschuwing in Google voor trage sites! NIEUW: Google+ Bedrijfsfoto's! Online fraude en misleiding herkennen. Slim citations vinden!,podcast,"booking.com, google bedrijfsfoto's, google pagespeed insights, google+ mijn bedrijf, guido berens, joost galema, lubbers en de jong, pingdom, reviews, rob wijnberg, sidn, travelbird, tripadvisor, yelp, zoover"
118,https://www.reputatiecoaching.nl/118,https://archive.org/download/20150305-reputatie-coaching-podcast-118/20150305-ReputatieCoaching-Podcast-118.mp3,5-3-2015 8:30:22,118: Ik ben gestopt met Facebook! Bezoek het online spreekuur. Mobielvriendelijkheid wordt een ranking factor. Assistent-professor Guido Berens over een online reputatieonderzoek!,podcast,"amsterdam, facebook, guido berens, lubbers en de jong, pakhuis de zwijger, stoppen met facebook"
119,https://www.reputatiecoaching.nl/119,https://archive.org/download/20150312-reputatie-coaching-podcast-119/20150312-ReputatieCoaching-Podcast-119.mp3,12-3-2015 8:30:35,119: CEO-reputatie? Afname likes en toename bereik video's op Facebook. Instagram zakelijk gebruiken en interview Iens Boswijk.,podcast,"iens, iens boswijk, iens.nl, instagram, internet archive, smc055, tripadvisor, twitter, wayback machine"
120,https://www.reputatiecoaching.nl/120,https://archive.org/download/20150319-reputatie-coaching-podcast-120/20150319-ReputatieCoaching-Podcast-120.mp3,19-3-2015 8:30:22,120: Hoe kan een tandarts online patiënten werven? SEO met Instagram. 5x meer abonnees voor mailinglist! De A+ kaart in Apeldoorn.,podcast,"apeldoorn, instagram, marketing, tandartsen, twitter, wordpress"
121,https://www.reputatiecoaching.nl/121,https://archive.org/download/20150326-reputatie-coaching-podcast-121/20150326-ReputatieCoaching-Podcast-121.mp3,26-3-2015 13:41:00,121: Serverstoring... Geswitched van SendReach naar Mailchimp. Smush.it stopt ermee! Belangrijk nieuws over YouTube infokaarten.,podcast,"google maps business view, google webmaster tools, mailchimp, sendreach, youtube"
122,https://www.reputatiecoaching.nl/122,https://archive.org/download/20150402-reputatie-coaching-podcast-122/20150402-ReputatieCoaching-Podcast-122.mp3,2-4-2015 8:30:18,122: Herken spam en scam op Internet. Live video streaming via Meerkat en Periscope. Hogere CTR op Funda en Google Drive nieuws!,podcast,"facebook, google drive, google maps, google+ foto's, instagram, live streaming video, meerkat, pac-man, periscope, pinterest"
123,https://www.reputatiecoaching.nl/123,https://archive.org/download/20150409-reputatie-coaching-podcast-123/20150409-ReputatieCoaching-Podcast-123.mp3,9-4-2015 8:30:11,123: YouTube-kanaal overdragen. Apple Kaarten vernieuwd. Over reviewinflatie. Pinterest voor Business en Video Challenge van Brenda Kok.,podcast,"amy porterfield, booking.com, brenda kok, google+ mijn bedrijf, philippine wouters, tripadvisor, yelp, youtube"
124,https://www.reputatiecoaching.nl/124,https://archive.org/download/20150416-reputatie-coaching-podcast-124/20150416-ReputatieCoaching-Podcast-124.mp3,16-4-2015 8:30:22,"124: Training van @JeanetBathoorn op #SMC055, oTranscribe voor transcripties, verhuizing naar nieuwe server.",podcast,"cor hospes, jeanet bathoorn, mobilegeddon, otranscribe, smc055, transcripties, wordpress, wp-spamshield"
125,https://www.reputatiecoaching.nl/125,https://archive.org/download/20150423-reputatie-coaching-podcast-125/20150423-ReputatieCoaching-Podcast-125.mp3,23-4-2015 8:30:31,125: Beeld van je iPhone app opnemen. Citations brengen nieuwe vrienden. Waarom citations controleren? Nieuwe reviewsites als paddenstoelen uit de grond.,podcast,"akzonobel, augmented reality, camtasia, layar, reflector 2"
126,https://www.reputatiecoaching.nl/126,https://archive.org/download/20150430-reputatie-coaching-podcast-126/20150430-ReputatieCoaching-Podcast-126.mp3,30-4-2015 8:30:21,126: Apple Maps Connect in Nederland! Update je WordPress! UTM-tracking Google+ pagina en quickscan fysiotherapiepraktijk.,podcast," apple maps, apple maps connect, google maps, mobilegeddon, tunein radio, utm-tracking, wordpress"
127,https://www.reputatiecoaching.nl/127,https://archive.org/download/20150507-reputatie-coaching-podcast-127/20150507-ReputatieCoaching-Podcast-127.mp3,7-5-2015 8:30:24,127: Baas over je eigen infrastructuur en je eigen data. Belangeloos fotograferen voor Against Cancer. Reviewstrategie: positief en negatief.,podcast,"against cancer, facebook, reviews, vision, yelp, zonnebrand, zoover"
128,https://www.reputatiecoaching.nl/128,https://archive.org/download/20150514-reputatie-coaching-podcast-128/20150514-ReputatieCoaching-Podcast-128.mp3,14-5-2015 8:30:13,"128: Yelp, Foursquare en Nokia Here in de verkoop. Google MapMaker tijdelijk gesloten. Uitschrijven Twitter e-mail updates en waarom video’s cruciaal zijn voor mobile marketing.",podcast,"backwpup, dropbox, foursquare, google mapmaker, microsoft. booking.com, nokia here, volvo, wall street journal, waze, yelp, youtube"
129,https://www.reputatiecoaching.nl/129,https://archive.org/download/20150521-reputatie-coaching-podcast-129/20150521-ReputatieCoaching-Podcast-129.mp3,21-5-2015 8:30:48,"129: @Gonniespijkstra (Telegraaf) met #fuckjefacebookpagina, Mobilegeddon update, mobiele apps lokaal niet populair en meer!",podcast,"facebook, foursquare, gonnie spijkstra, linkedin, matthijs algra, smc055, telegraaf, yelp"
130,https://www.reputatiecoaching.nl/130,https://archive.org/download/20150528-reputatie-coaching-podcast-130/20150528-ReputatieCoaching-Podcast-130.mp3,28-5-2015 8:30:52,130: Makelaars falen zonder reviewstrategie! BackWPup handleiding verstuurd. Lokale zoekresultaten flink door elkaar geschud! Ad-blockers: zegen of  molensteen?,podcast,"ad-blocker, backwpup, cor hospes, dropbox, emile ratelband, google maps, jeanet bathoorn, lokale seo, makelaars, reviewmanagement, reviewstrategie"
131,https://www.reputatiecoaching.nl/131,https://archive.org/download/20150604-reputatie-coaching-podcast-131/20150604-ReputatieCoaching-Podcast-131.mp3,4-6-2015 8:30:31,"131: Interview met Diana Albrink over ""New York in 40 dates"". Nieuws over Google Foto's en een blanco scherm met WordPress",podcast,"diana albrink, dordrecht, fysiotherapeut, google+ foto's, wordpress"
132,https://www.reputatiecoaching.nl/132,https://archive.org/download/20150611-reputatie-coaching-podcast-132/20150611-ReputatieCoaching-Podcast-132.mp3,11-6-2015 8:30:23,"132: Interview met Dirk Doorn van Savvii. Verlies je ""Geverifieerd"" status op Google Mijn Bedrijf? Tip voor uploaden naar Google Foto's.",podcast,"dirk doorn, google maps, google+ foto's, google+ mijn bedrijf, interview, savvii"
133,https://www.reputatiecoaching.nl/133,https://archive.org/download/20150618-reputatie-coaching-podcast-133/20150618-ReputatieCoaching-Podcast-133.mp3,18-6-2015 8:30:59,"133: Interview met videomarketingspecialist Chris van Vleuten. Verder TE mooie aanbiedingen, fraude en phishing.",podcast,"bergen, chris van vleuten, drones, dronevideos, interview, noord-holland, reviews, videomarketing"
134,https://www.reputatiecoaching.nl/134,https://archive.org/download/20150625-reputatie-coaching-podcast-134/20150625-ReputatieCoaching-Podcast-134.mp3,25-6-2015 8:30:44,"134: Lokale SEO op 6.000 km afstand! Einde spreekuur, welkom geplande gratis consulten! Hergebruik Yelp reviews. En ik heb een Virtuele Assistent!",podcast,"backups, flickr, google maps, google+ foto's, reviews, virtuele assistent, yelp"
135,https://www.reputatiecoaching.nl/135,https://archive.org/download/20150702-reputatie-coaching-podcast-135/20150702-ReputatieCoaching-Podcast-135.mp3,2-7-2015 8:30:10,"135: 10 geleerde lessen op Androidplanet.nl, Iphoned.nl en smartphone.nl, Bedrijvengidszwendel, vanity URL op Foursquare en meer",podcast,"bigspark, foursquare, google maps, google+ mijn bedrijf, peter geurts, video"
136,https://www.reputatiecoaching.nl/136,https://archive.org/download/20150709-reputatie-coaching-podcast-136/20150709-ReputatieCoaching-Podcast-136.mp3,9-7-2015 8:30:28,"136: DuckDuckGo 10 mln! Straf voor spammy snippets en les 4,5 en 6 van Peter Geurts van BigSpark.",podcast,"bigspark, duckduckgo, google alerts, mention, peter geurts, reputatiemonitoring"
137,https://www.reputatiecoaching.nl/137,https://archive.org/download/20150716-reputatie-coaching-podcast-137/20150716-ReputatieCoaching-Podcast-137.mp3,16-7-2015 8:30:43,"137: Google Lokale Gids niveau 4, tooltip voor testen WordPress theme, nieuwe winkel lokaal scoren en de 4 resterende geleerde lessen van Peter Geurts (BigSpark)",podcast,"ahrefs, bigspark, google analytics, google search console, hotjar, mailchimp, majestic, pingdom, screaming frog, searchmetrics"
138,https://www.reputatiecoaching.nl/138,https://archive.org/download/20150723-reputatie-coaching-podcast-138/20150723-ReputatieCoaching-Podcast-138.mp3,23-7-2015 8:30:08,"138: Citations op autopilot, MapMaker heropend, schrijven als een journalist en leuke tooltip voor online interviews!",podcast,"citations, content marketing, cor hospes, google mapmaker, summer citations sequence, zencastr"
139,https://www.reputatiecoaching.nl/139,https://archive.org/download/20150730-reputatie-coaching-podcast-139/20150730-ReputatieCoaching-Podcast-139.mp3,30-7-2015 8:30:31,139: Interview met Lasse Bourgonje van KiyOh en Jeroen van Opbergen van klantenvertellen.nl,podcast,"interview, jeroen van opbergen, kiyoh, klantenvertellen.nl, lasse bourgonje"
140,https://www.reputatiecoaching.nl/140,https://archive.org/download/20150806-reputatie-coaching-podcast-140/20150806-ReputatieCoaching-Podcast-140.mp3,6-8-2015 8:30:33,"140: Citation chaos, Nokia HERE verkocht, Google ""Je Tijdlijn"" en interview met Wouter Krusemann van patientenreview.nl",podcast,"nokia here, opendi, patientenreview.nl, wouter krusemann, yelp"
141,https://www.reputatiecoaching.nl/141,https://archive.org/download/20150813-reputatie-coaching-podcast-141/20150813-ReputatieCoaching-Podcast-141.mp3,13-8-2015 8:30:07,141: Interview met Jelmer van der Linden van Stichting Webwinkelkeur en lokaal SEO probleem van Amsterdamse tandarts,podcast,"interview, jelmer van der linden, lokale seo, ron steenkist, tandarts amsterdam zuidoost, webwinkelkeur"
142,https://www.reputatiecoaching.nl/142,https://archive.org/download/20150820-reputatie-coaching-podcast-142/20150820-ReputatieCoaching-Podcast-142.mp3,20-8-2015 8:30:57,"142: WordPress 4.3. Google ""Help on Social"", pas op met ""lazy content"", 6 positieve kanten van negatieve reviews en meer!",podcast," #ghelp, google mapmaker, help on social, john mueller, lazy content, olc, open location codes, pluscodes"
143,https://www.reputatiecoaching.nl/143,https://archive.org/download/20150827-reputatie-coaching-podcast-143/20150827-ReputatieCoaching-Podcast-143.mp3,27-8-2015 8:30:25,"143: Chantage met negatieve reviews, MapMaker geopend & Google patent voor weergavetijd. Lokale SEO hack en speciale aanbieding!",podcast," brenda kok, google mapmaker, hacks, lokale seo, reviews, summer citations sequence, synup, youtube"
144,https://www.reputatiecoaching.nl/144,https://archive.org/download/20150903-reputatie-coaching-podcast-144/20150903-ReputatieCoaching-Podcast-144.mp3,3-9-2015 8:30:38,"144: Interview met Hendrik-Jan Glerum van The Feedback Company. Tip voor Yelp, Insta-citations en Instagram out of the (square) box.",podcast,"feedback company, hendrik-jan glerum, instagram, yelp"
145,https://www.reputatiecoaching.nl/145,https://archive.org/download/20150910-reputatie-coaching-podcast-145/20150910-ReputatieCoaching-Podcast-145.mp3,10-9-2015 8:30:20,145: Spammy backlinks? Podcast nu op SoundCloud! Tooltip voor het bewaken van je online reputatie en meer!,podcast,"404 error, backlinks, facebook, repwarn, soundcloud, yelp"
146,https://www.reputatiecoaching.nl/146,https://archive.org/download/20150917-reputatie-coaching-podcast-146/20150917-ReputatieCoaching-Podcast-146.mp3,17-9-2015 8:30:57,146: Presentatie over SEA en Google Analytics door Sabine Roex van Hide and Seek bij #SMC055 in Apeldoorn,podcast,"apeldoorn, google analytics, hide and seek, presentatie, sabine roex, sea, seo, smc055"
147,https://www.reputatiecoaching.nl/147,https://archive.org/download/20150924-reputatie-coaching-podcast-147/20150924-ReputatieCoaching-Podcast-147.mp3,24-9-2015 8:30:27,147: ReputatieCoach geïnterviewd. Performance en DNS perikelen. Google verrast en stelt teleur.,podcast,"instagram, reviews, video"
148,https://www.reputatiecoaching.nl/148,https://archive.org/download/20151001-reputatie-coaching-podcast-148/20151001-ReputatieCoaching-Podcast-148.mp3,1-10-2015 8:30:27,"148: Leuke tooltip van Google Keep. Site gehackt! Help, een negatieve review! Maak positieve reviews video's voor je reputatie!",podcast,"cdn, content delivery network, google keep, pretty link lite, reviews, tooltip"
149,https://www.reputatiecoaching.nl/149,https://archive.org/download/20151008-reputatie-coaching-podcast-149/20151008-ReputatieCoaching-Podcast-149.mp3,8-10-2015 8:30:32,"149: ZMVL = ZoekMachine Verantwoorde Linkbuilding. Mijn favoriete RSS-reader, Google blijft veranderen, reputatieschade op Facebook en #SMC055 over videomarketing",podcast,"facebook, linkbuilding, reputatieschade, smc055"
150,https://www.reputatiecoaching.nl/150,https://archive.org/download/20151015-reputatie-coaching-podcast-150/20151015-ReputatieCoaching-Podcast-150.mp3,15-10-2015 8:30:19,"150: Reputatielek(!), ZoekMachine Vriendelijke Linkbuilding deel 2, ReputatieCoaching nu ook Google Lokale pagina voor reviews en meer!",podcast,"google+ mijn bedrijf, misterwhat, reputatielek, reviews, twitter"
151,https://www.reputatiecoaching.nl/151,https://archive.org/download/20151022-reputatie-coaching-podcast-151/20151022-ReputatieCoaching-Podcast-151.mp3,22-10-2015 8:30:35,"151: Jing in de tooltip, Google richtlijnen t.a.v. reviews, en ""Livestreaming is here to stay!"" door Jojanneke van den Bosch bij #SMC055",podcast,"blab, jojanneke van den bosch, justin.tv, meerkat, periscope, qik, smc055, social media club apeldoorn"
152,https://www.reputatiecoaching.nl/152,https://archive.org/download/20151029-reputatie-coaching-podcast-152/20151029-ReputatieCoaching-Podcast-152.mp3,29-10-2015 8:30:01,"152: Rode reviewsterren in Google, Amazon daagt fake reviewers voor de rechter en Koop Brandsma van LVB Networks vertelt over videomarketing bij #SMC055",podcast,"amazon, fake reviews, koop brandsma, lvb networks, smc055, social media club apeldoorn"
153,https://www.reputatiecoaching.nl/153,https://archive.org/download/20151105-reputatie-coaching-podcast-153/20151105-ReputatieCoaching-Podcast-153.mp3,5-11-2015 8:30:40,"153: Podcast nieuwe stijl! Podcast binnenkort op Google Play Music?! Nieuws van Google Mijn Bedrijf, communicatie door webcareteams, Google Maps app stelt opeens vragen... En meer!",podcast,"google play music, google mijn bedrijf, webcare, google maps"
154,https://www.reputatiecoaching.nl/154,https://archive.org/download/20151112-reputatie-coaching-podcast-154/20151112-ReputatieCoaching-Podcast-154.mp3,12-11-2015 8:30:23,"154: Spreken op Universiteit Tilburg, exposure voor buitenlandse hotels, Lokale Gidsen-programma vernieuwd en een website scan",podcast,"antagonist, gambia, google lokale gidsen, google+ mijn bedrijf"
155,https://www.reputatiecoaching.nl/155,https://archive.org/download/20151119-reputatie-coaching-podcast-155/20151119-ReputatieCoaching-Podcast-155.mp3,19-11-2015 8:30:14,"155: Google+ vernieuwd en Google About Me geïntroduceerd. Fake reviews bij TripAdvisor, 5 tips om de risico’s van WordPress plugins te minimaliseren en meer!",podcast,"fake reviews, google about me, google lokale gidsen, google photos, google+, hogeschool tilburg, wordpress"
156,https://www.reputatiecoaching.nl/156,https://archive.org/download/20151126-reputatie-coaching-podcast-156/20151126-ReputatieCoaching-Podcast-156.mp3,26-11-2015 8:30:23,156: Doel Lokale Gidsen programma bereikt! Openingstijden bron van ergernis! Google gaat AMP gebruiken en dichtbij.nl stopt er grotendeels mee.,podcast,"amp, dichtbij.nl, google lokale gidsen, google+, openingstijden"
157,https://www.reputatiecoaching.nl/157,https://archive.org/download/20151203-reputatie-coaching-podcast-157/20151203-ReputatieCoaching-Podcast-157.mp3,3-12-2015 8:30:19,157: Podcast 3 jaar! Let jij al op Glassdoor? Kom naar de ReputatieBakkerij! Google verwijdert one box en meer. Vragen n.a.v. Podcast 156.,podcast,"cliff ravenscraft, glassdoor, hogeschool tilburg, podcast answerman, reputatiebakkerij"
158,https://www.reputatiecoaching.nl/158,https://archive.org/download/20151210-reputatie-coaching-podcast-158/20151210-ReputatieCoaching-Podcast-158.mp3,10-12-2015 8:30:40,"158: Photo hijacking, 12 tips voor livestreaming, wat doe ik voor een ""SEO audit""? En meer!!",podcast,"apple maps, frankwatching, google maps, google+ mijn bedrijf, livestreaming, lokale seo, periscope, seo audit"
159,https://www.reputatiecoaching.nl/159,https://archive.org/download/20151217-reputatie-coaching-podcast-159/20151217-ReputatieCoaching-Podcast-159.mp3,17-12-2015 8:30:55,159: Geïnterviewd door studenten van de Hogeschool Tilburg,podcast,"birgit bosmans, emma stokwielder, hogeschool tilburg, interview, jan paul kreukniet, noor van rooij, sanne van dongen"
160,https://www.reputatiecoaching.nl/160,https://archive.org/download/20160114-reputatie-coaching-podcast-160/20160114-ReputatieCoaching-Podcast-160.mp3,14-1-2016 8:30:06,"160: 1e podcast van 2016 live! Podcasts worden populair! Wugly en Tsu in de schijnwerpers, Facebook goes Local en ik ben geciteerd in USA Today!",podcast,"bob van biezen, facebook, fotoshoottarieven, tsu, usa today, wugly"
161,https://www.reputatiecoaching.nl/161,https://archive.org/download/20160121-reputatie-coaching-podcast-161/20160121-ReputatieCoaching-Podcast-161.mp3,21-1-2016 8:30:55,161: AMP betatester voor Google en het Fundament van Online Succes,podcast," accelerated mobile pages, amp, google+, john mueller, workshop"
162,https://www.reputatiecoaching.nl/162,https://archive.org/download/20160128-reputatie-coaching-podcast-162/20160128-ReputatieCoaching-Podcast-162.mp3,3-2-2016 20:25:10,"162: Kansloos linkverzoek & het ""Stappenplan voor lokale dominantie""",podcast,"backlinks, hogeschool tilburg, linkbuilding, linkearning, reputatiebakkerij"
163,https://www.reputatiecoaching.nl/163,https://archive.org/download/20160211-reputatie-coaching-podcast-163/20160211-ReputatieCoaching-Podcast-163.mp3,11-2-2016 8:30:30,"163: Praktische tip voor tijdbesparing en ""Cut the Crap!"" door Patrick Petersen (@OnlineMarketeer)",podcast,"@online marketeer, e-mailmanagement, inbox zero, merlin mann, patrick petersen, productiviteit, smc055"
164,https://www.reputatiecoaching.nl/164,https://archive.org/download/20160414-reputatie-coaching-podcast-164/20160414-ReputatieCoaching-Podcast-164.mp3,14-04-2016 7:40,"164: Spammy backlinks , Google verandert Mijn Bedrijf richtlijnen en Google Calendar events in de zoekresultaten",podcast,"fake reviews, google calendar, google+ mijn bedrijf, spammy backlinks, trampoline park" 165,https://www.reputatiecoaching.nl/vermijd-netwerkprofiel-van-dtg-gehackte-site-wat-dan-onbeperkte-opslag-bij-amazon-en-statistieken-van-fotos-op-google-maps/,https://archive.org/download/20160421-reputatie-coaching-podcast-165/20160421-ReputatieCoaching-Podcast-165.mp3,23-04-2016 9:26,"165: Vermijd NetwerkProfiel van DTG! Gehackte site, wat dan? Onbeperkte opslag bij Amazon en statistieken van foto’s op Google Maps",podcast,"amazon cloud drive, antagonist, dtg, google lokale gidsen, google maps, netwerkprofiel, yext"
166,https://www.reputatiecoaching.nl/quickscan-website-cateringbedrijf-google-top-contributor-lgsummit16/,https://archive.org/download/20160428-reputatie-coaching-podcast-166/20160428-ReputatieCoaching-Podcast-166.mp3,28-04-2016 8:30,"166: Quickscan website cateringbedrijf, leuke mail van Google, aangemeld voor #LGSummit16(!) en wat updates",podcast," google foto's, amp, amazon cloud drive, google top contributer, meet-up, #lgsummit16, reviews, cateringbedrijf"
167,https://www.reputatiecoaching.nl/artikel-moztop-10-mijn-bedrijf-vermeldingen-optimaliseren-spreid-je-reviews/,https://archive.org/download/20160505-reputatie-coaching-podcast-167/20160505-ReputatieCoaching-Podcast-167.mp3,05-05-2016 8:30,"167: Artikel in de MOZ top 10! Google Mijn Bedrijf vermeldingen optimaliseren en meer Google nieuws! Spreid je reviews!",podcast,"moz, openingstijden, spam, spreid je reviews, whitespark"
